サイズ,ファイル名,フルパス
36383,._0702_finish_side.psd,\\172.16.5.245\share\01_総務\11_商品開発部\06_カタログ制作\03_茶・酒のもの\00_2014年度(旧年度)\茶の製品\0702_ochakai\__MACOSX\._0702_finish_side.psd
124704,._0702_finish_top.psd,\\172.16.5.245\share\01_総務\11_商品開発部\06_カタログ制作\03_茶・酒のもの\00_2014年度(旧年度)\茶の製品\0702_ochakai\__MACOSX\._0702_finish_top.psd
473,._0702_sweetsbox.ai,\\172.16.5.245\share\01_総務\11_商品開発部\06_カタログ制作\03_茶・酒のもの\00_2014年度(旧年度)\茶の製品\0702_ochakai\__MACOSX\._0702_sweetsbox.ai
82,._.DS_Store,\\172.16.5.245\share\01_総務\11_商品開発部\06_カタログ制作\03_茶・酒のもの\00_2014年度(旧年度)\厳選select (完成)\__MACOSX\紙箱\._.DS_Store
180,._ケーキ.jpeg,\\172.16.5.245\share\01_総務\11_商品開発部\06_カタログ制作\03_茶・酒のもの\00_2014年度(旧年度)\厳選select (完成)\__MACOSX\紙箱\._ケーキ.jpeg
180,._スライド.jpeg,\\172.16.5.245\share\01_総務\11_商品開発部\06_カタログ制作\03_茶・酒のもの\00_2014年度(旧年度)\厳選select (完成)\__MACOSX\紙箱\._スライド.jpeg
180,._冁E��.jpg,\\172.16.5.245\share\01_総務\11_商品開発部\06_カタログ制作\03_茶・酒のもの\00_2014年度(旧年度)\厳選select (完成)\__MACOSX\紙箱\._冁E��.jpg
180,._六角形.jpeg,\\172.16.5.245\share\01_総務\11_商品開発部\06_カタログ制作\03_茶・酒のもの\00_2014年度(旧年度)\厳選select (完成)\__MACOSX\紙箱\._六角形.jpeg
88581,20250274_電話_佐藤氏.pdf,\\172.16.5.245\share\13_商品開発部\21_47CLUB（人事）\101_人事関連\05_給与等\給与等\給与等\2025年度\８月\20250274_電話_佐藤氏.pdf
139347,20250274_電話_佐藤氏.xlsx,\\172.16.5.245\share\13_商品開発部\21_47CLUB（人事）\101_人事関連\05_給与等\給与等\給与等\2025年度\８月\20250274_電話_佐藤氏.xlsx
89135,20250279_電話_田中氏.pdf,\\172.16.5.245\share\13_商品開発部\21_47CLUB（人事）\101_人事関連\05_給与等\給与等\給与等\2025年度\８月\20250279_電話_田中氏.pdf
139309,20250279_電話_田中氏.xlsx,\\172.16.5.245\share\13_商品開発部\21_47CLUB（人事）\101_人事関連\05_給与等\給与等\給与等\2025年度\８月\20250279_電話_田中氏.xlsx
85413,20250282_電話_山田氏.pdf,\\172.16.5.245\share\13_商品開発部\21_47CLUB（人事）\101_人事関連\05_給与等\給与等\給与等\2025年度\８月\20250282_電話_山田氏.pdf
139404,20250282_電話_山田氏.xlsx,\\172.16.5.245\share\13_商品開発部\21_47CLUB（人事）\101_人事関連\05_給与等\給与等\給与等\2025年度\８月\20250282_電話_山田氏.xlsx
58368,Thumbs.db,\\172.16.5.245\share\11_EC事業部\06_販促企画チーム\キャンペーン・懸賞まとめ（総合部_26）\38_懸賞（総合の結果）\2025年度\春夏ハーベスト（アイス）\画像\img\Thumbs.db
194560,Thumbs.db,\\172.16.5.245\share\01_総務\10_その他事務\00_2019年度商品開発\200_セレクトショップ\事業者向け配信\03_商品\茶類 － 嗜好品\茶類\商品管理フォルダ\桜餅桜餅\桜餅桜餅\Thumbs.db
34304,Thumbs.db,\\172.16.5.245\share\01_総務\10_その他事務\00_2019年度商品開発\200_セレクトショップ\事業者向け配信\03_商品\茶類 － 嗜好品\茶類\商品管理フォルダ\理由書のご案内\ご案内ページ\Thumbs.db
42441,【2025】セレクトショップ商品管理.xlsx,\\172.16.5.245\share\01_総務\10_その他事務\00_2019年度商品開発\200_セレクトショップ\事業者向け配信\03_商品\茶類 － 嗜好品\茶類\商品管理フォルダ\茶類\茶類バス\茶類認知\【2025】セレクトショップ商品管理.xlsx
205218,請求書等@福島県商工会議所法人@V-59.pdf,\\172.16.5.245\share\01_総務\06_経理・営業・総務の事務\01_経理\2025年度\福島県\出荷予定\ALPS処理水に係る国等への要請等について\シーフードシーズン\07_ 切断\請求書等@福島県商工会議所法人@V-59.pdf
204960,請求書等@商品開発シーズン@法人@W-59.pdf,\\172.16.5.245\share\01_総務\06_経理・営業・総務の事務\01_経理\2025年度\福島県\出荷予定\ALPS処理水に係る国等への要請等について\シーフードシーズン\07_ 切断\請求書等@商品開発シーズン@法人@W-59.pdf
709209,請求書_福島県商工会議所法人_400172_C00050_1687_20250831_33000.PDF,\\172.16.5.245\share\01_総務\06_経理・営業・総務の事務\01_経理\2025年度\福島県\出荷予定\ALPS処理水に係る国等への要請等について\シーフードシーズン\07_ 切断\請求書_福島県商工会議所法人_400172_C00050_1687_20250831_33000.PDF
707087,請求書_福島県 カネキ醤油氏_400863_C00050_1687_20250831_8800.PDF,\\172.16.5.245\share\01_総務\06_経理・営業・総務の事務\01_経理\2025年度\福島県\出荷予定\ALPS処理水に係る国等への要請等について\シーフードシーズン\07_ 切断\請求書_福島県 カネキ醤油氏_400863_C00050_1687_20250831_8800.PDF
707211,請求書_福島県 商品開発シーズン氏_400306_C00050_1687_20250831_73700.PDF,\\172.16.5.245\share\01_総務\06_経理・営業・総務の事務\01_経理\2025年度\福島県\出荷予定\ALPS処理水に係る国等への要請等について\シーフードシーズン\07_ 切断\請求書_福島県 商品開発シーズン氏_400306_C00050_1687_20250831_73700.PDF
165,~$アイオー福岡県福岡市全_の販売商品リスト.xlsx,\\172.16.5.245\share\01_総務\06_経理・営業・総務の事務\01_経理\2025年度\北海道\2.都市計画商品の販売（フェア開催と協定及び販売促進和7年度事業）\05_道路\アイオー福岡県福岡市全\~$アイオー福岡県福岡市全_の販売商品リスト.xlsx
1363148,新規開拓炊き込みVKV.ai,\\172.16.5.245\share\01_総務\06_経理・営業・総務の事務\01_経理\2025年度\福島県\06_懸賞物\キービジュアル等\キービジュアル認知度データ\新規開拓炊き込みVKV.ai
626065,新規開拓炊き込みVKV.pdf,\\172.16.5.245\share\01_総務\06_経理・営業・総務の事務\01_経理\2025年度\福島県\06_懸賞物\キービジュアル等\キービジュアル認知度データ\新規開拓炊き込みVKV.pdf
875653,新規開拓炊き込みVKV.jpg,\\172.16.5.245\share\01_総務\06_経理・営業・総務の事務\01_経理\2025年度\福島県\06_懸賞物\キービジュアル等\キービジュアル認知度データ\新規開拓炊き込みVKV.jpg
835659,新規開拓炊き込みVKV.png,\\172.16.5.245\share\01_総務\06_経理・営業・総務の事務\01_経理\2025年度\福島県\06_懸賞物\キービジュアル等\キービジュアル認知度データ\新規開拓炊き込みVKV.png
1031738,250827_全国 (福島県).pptx,\\172.16.5.245\share\01_総務\06_経理・営業・総務の事務\01_経理\2025年度\福島県\06_懸賞物\パンフレット\パンフレットデータ\250827_全国 (福島県).pptx
553469,250828_全国全国.pptx,\\172.16.5.245\share\01_総務\06_経理・営業・総務の事務\01_経理\2025年度\福島県\06_懸賞物\パンフレット\パンフレットデータ\250828_全国全国.pptx
2831360,250828_全国全国.pptx,\\172.16.5.245\share\01_総務\06_経理・営業・総務の事務\01_経理\2025年度\福島県\06_懸賞物\パンフレット\パンフレットデータ\250828_全国全国.pptx
107704,商品\\商品O商品パンフレット商品\\_商品認知度リスト.pdf,\\172.16.5.245\share\01_総務\06_経理・営業・総務の事務\01_経理\2025年度\福島県\06_懸賞物\パンフレット\商品\\商品O商品パンフレット商品\\_商品認知度リスト.pdf
104536,商品\\商品O商品パンフレット商品\\_商品マーケットプレイス.pdf,\\172.16.5.245\share\01_総務\06_経理・営業・総務の事務\01_経理\2025年度\福島県\06_懸賞物\パンフレット\商品\\商品O商品パンフレット商品\\_商品マーケットプレイス.pdf
1017704,切り抜き_出荷予定書20250827_データ削減.pdf,\\172.16.5.245\share\01_総務\06_経理・営業・総務の事務\01_経理\2025年度\滋賀県\滋賀県ご協力流通商品 商品の販売・出荷商品等\99_報告書\データ\切り抜き_出荷予定書20250827_データ削減.pdf
4406272,出荷予定書20250827_データ削減.pdf,\\172.16.5.245\share\01_総務\06_経理・営業・総務の事務\01_経理\2025年度\滋賀県\滋賀県ご協力流通商品 商品の販売・出荷商品等\99_報告書\データ\出荷予定書20250827_データ削減.pdf
62976,Thumbs.db,\\172.16.5.245\share\01_総務\10_その他事務\00_2019年度商品開発\200_セレクトショップ\事業者向け配信\03_商品\茶類 － 嗜好品\茶類\商品管理フォルダ\ご案内工場等\茶類\茶類画像\Thumbs.db
84992,Thumbs.db,\\172.16.5.245\share\01_総務\10_その他事務\00_2019年度商品開発\200_セレクトショップ\事業者向け配信\03_商品\茶類 － 嗜好品\茶類\商品管理フォルダ\ご案内工場等\茶類\茶類画像\茶類工場\Thumbs.db
4718592,20250828141737.pdf,\\172.16.5.245\share\01_総務\06_経理・営業・総務の事務\01_経理\2025年度\福島県\北海道\2.都市計画商品の販売（フェア開催と協定及び販売促進和7年度事業）\05_道路\アイオー福岡県福岡市全\アイオー福岡の商品\商品用\20250828141737.pdf
229056,【AM福岡市全】協定電気プラン書.pdf,\\172.16.5.245\share\01_総務\06_経理・営業・総務の事務\01_経理\2025年度\福島県\北海道\2.都市計画商品の販売（フェア開催と協定及び販売促進和7年度事業）\05_道路\アイオー福岡県福岡市全\アイオー福岡の商品\商品用\【AM福岡市全】協定電気プラン書.pdf
5459968,商品リストと商品_9月2日～8月.pdf,\\172.16.5.245\share\01_総務\06_経理・営業・総務の事務\01_経理\2025年度\福島県\北海道\2.都市計画商品の販売（フェア開催と協定及び販売促進和7年度事業）\05_道路\アイオー福岡県福岡市全\アイオー福岡の商品\商品用\商品リストと商品_9月2日～8月.pdf
443674,商品認知度調査協定@商品O確認書.pdf,\\172.16.5.245\share\01_総務\06_経理・営業・総務の事務\01_経理\2025年度\福島県\北海道\2.都市計画商品の販売（フェア開催と協定及び販売促進和7年度事業）\05_道路\アイオー福岡県福岡市全\アイオー福岡の商品\商品用\商品認知度調査協定@商品O確認書.pdf
